measurement,tag1,location,.parking-position.longitude,time
.parking-position.longitude,parking,New York,-73.9249,1700152037000000873
.parking-position.longitude,parking,Brooklyn,-73.9496,1700152037000000873
.parking-position.longitude,parking,Queens,-73.7976,1700152037000000873
.parking-position.longitude,parking,Manhattan,-73.9662,1700152037000000873
.parking-position.longitude,parking,Bronx,-73.8662,1700152037000000873
.parking-position.longitude,parking,Buffalo,-78.8487,1700152037000000873
.parking-position.longitude,parking,Rochester,-77.6162,1700152037000000873
.parking-position.longitude,parking,Albany,-73.7987,1700152037000000873
.parking-position.longitude,parking,Staten Island,-74.1496,1700152037000000873
.parking-position.longitude,parking,Poughkeepsie,-73.9211,1700152037000000873
.parking-position.longitude,parking,Syracuse,-76.1437,1700152037000000873
.parking-position.longitude,parking,Yonkers,-73.8673,1700152037000000873
.parking-position.longitude,parking,Binghamton,-75.9093,1700152037000000873
.parking-position.longitude,parking,Utica,-75.2261,1700152037000000873
.parking-position.longitude,parking,New Rochelle,-73.7836,1700152037000000873
.parking-position.longitude,parking,Mount Vernon,-73.8291,1700152037000000873
.parking-position.longitude,parking,Saratoga Springs,-73.7775,1700152037000000873
.parking-position.longitude,parking,Glens Falls,-73.6458,1700152037000000873
.parking-position.longitude,parking,Schenectady,-73.9275,1700152037000000873
.parking-position.longitude,parking,Elmira,-76.8097,1700152037000000873
.parking-position.longitude,parking,Brentwood,-73.2522,1700152037000000873
.parking-position.longitude,parking,White Plains,-73.7547,1700152037000000873
.parking-position.longitude,parking,Levittown,-73.5125,1700152037000000873
.parking-position.longitude,parking,Troy,-73.6751,1700152037000000873
.parking-position.longitude,parking,Niagara Falls,-79.0147,1700152037000000873
.parking-position.longitude,parking,Freeport,-73.5850,1700152037000000873
.parking-position.longitude,parking,Hicksville,-73.5245,1700152037000000873
.parking-position.longitude,parking,West Babylon,-73.3585,1700152037000000873
.parking-position.longitude,parking,Coram,-73.0059,1700152037000000873
.parking-position.longitude,parking,East Meadow,-73.5604,1700152037000000873
.parking-position.longitude,parking,Valley Stream,-73.7043,1700152037000000873
.parking-position.longitude,parking,Commack,-73.2833,1700152037000000873
.parking-position.longitude,parking,Elmont,-73.7078,1700152037000000873
.parking-position.longitude,parking,New City,-73.9912,1700152037000000873
.parking-position.longitude,parking,Huntington Station,-73.4050,1700152037000000873
.parking-position.longitude,parking,Central Islip,-73.1945,1700152037000000873
.parking-position.longitude,parking,Long Beach,-73.6660,1700152037000000873
.parking-position.longitude,parking,Baldwin,-73.6075,1700152037000000873
.parking-position.longitude,parking,Uniondale,-73.5947,1700152037000000873
.parking-position.longitude,parking,Spring Valley,-74.0486,1700152037000000873
.parking-position.longitude,parking,Rome,-75.4909,1700152037000000873
.parking-position.longitude,parking,Bay Shore,-73.2495,1700152037000000873
.parking-position.longitude,parking,Franklin Square,-73.6775,1700152037000000873
.parking-position.longitude,parking,Centereach,-73.0821,1700152037000000873
.parking-position.longitude,parking,Ithaca,-76.5032,1700152037000000873
.parking-position.longitude,parking,North Tonawanda,-78.8659,1700152037000000873
.parking-position.longitude,parking,Oceanside,-73.6364,1700152037000000873
.parking-position.longitude,parking,Jamestown,-79.2367,1700152037000000873
.parking-position.longitude,parking,Port Chester,-73.6680,1700152037000000873
.parking-position.longitude,parking,Shirley,-72.8748,1700152037000000873
.parking-position.longitude,parking,Harrison,-73.7193,1700152037000000873
.parking-position.longitude,parking,Middletown,-74.4236,1700152037000000873
.parking-position.longitude,parking,Glen Cove,-73.6287,1700152037000000873
.parking-position.longitude,parking,Lindenhurst,-73.3710,1700152037000000873
.parking-position.longitude,parking,West Islip,-73.2954,1700152037000000873
.parking-position.longitude,parking,Auburn,-76.5685,1700152037000000873
.parking-position.longitude,parking,Plainview,-73.4732,1700152037000000873
.parking-position.longitude,parking,Deer Park,-73.3218,1700152037000000873
.parking-position.longitude,parking,Kiryas Joel,-74.1667,1700152037000000873
.parking-position.longitude,parking,Holbrook,-73.0700,1700152037000000873
.parking-position.longitude,parking,Watertown,-75.9094,1700152037000000873
.parking-position.longitude,parking,Medford,-72.9859,1700152037000000873
.parking-position.longitude,parking,Rockville Centre,-73.6383,1700152037000000873
.parking-position.longitude,parking,Peekskill,-73.9227,1700152037000000873
.parking-position.longitude,parking,Dix Hills,-73.3375,1700152037000000873
.parking-position.longitude,parking,Monsey,-74.0682,1700152037000000873
.parking-position.longitude,parking,Copiague,-73.3922,1700152037000000873
.parking-position.longitude,parking,Kingston,-73.9968,1700152037000000873
.parking-position.longitude,parking,Garden City,-73.6447,1700152037000000873
.parking-position.longitude,parking,East Patchogue,-72.9817,1700152037000000873
.parking-position.longitude,parking,Massapequa,-73.4706,1700152037000000873
.parking-position.longitude,parking,North Bellmore,-73.5390,1700152037000000873
.parking-position.longitude,parking,Selden,-73.0466,1700152037000000873
.parking-position.longitude,parking,Merrick,-73.5535,1700152037000000873
.parking-position.longitude,parking,Lockport,-78.6956,1700152037000000873
.parking-position.longitude,parking,East Northport,-73.3233,1700152037000000873
.parking-position.longitude,parking,West Hempstead,-73.6507,1700152037000000873
.parking-position.longitude,parking,North Bay Shore,-73.2617,1700152037000000873
.parking-position.longitude,parking,Hauppauge,-73.2109,1700152037000000873
.parking-position.longitude,parking,Lynbrook,-73.6742,1700152037000000873
.parking-position.longitude,parking,Plattsburgh,-73.4563,1700152037000000873
.parking-position.longitude,parking,Mineola,-73.6394,1700152037000000873
.parking-position.longitude,parking,Syosset,-73.5020,1700152037000000873
.parking-position.longitude,parking,Nanuet,-74.0155,1700152037000000873
.parking-position.longitude,parking,Ronkonkoma,-73.1246,1700152037000000873
.parking-position.longitude,parking,North Amityville,-73.4119,1700152037000000873
.parking-position.longitude,parking,North Valley Stream,-73.7077,1700152037000000873
.parking-position.longitude,parking,Cortland,-76.1784,1700152037000000873
.parking-position.longitude,parking,Holtsville,-73.0447,1700152037000000873
.parking-position.longitude,parking,East Massapequa,-73.4359,1700152037000000873
.parking-position.longitude,parking,Lake Ronkonkoma,-73.1128,1700152037000000873
.parking-position.longitude,parking,North Massapequa,-73.4678,1700152037000000873
.parking-position.longitude,parking,Bethpage,-73.4856,1700152037000000873
.parking-position.longitude,parking,Melville,-73.4088,1700152037000000873
.parking-position.longitude,parking,Scarsdale,-73.7773,1700152037000000873
.parking-position.longitude,parking,North Babylon,-73.3248,1700152037000000873
.parking-position.longitude,parking,Amsterdam,-74.1906,1700152037000000873
.parking-position.longitude,parking,Lackawanna,-78.8325,1700152037000000873
.parking-position.longitude,parking,Wantagh,-73.5104,1700152037000000873
.parking-position.longitude,parking,Oswego,-76.5005,1700152037000000873
.parking-position.longitude,parking,Massapequa Park,-73.4496,1700152037000000873
.parking-position.longitude,parking,Woodmere,-73.7219,1700152037000000873
.parking-position.longitude,parking,Cohoes,-73.7077,1700152037000000873
.parking-position.longitude,parking,Farmingville,-73.0404,1700152037000000873
.parking-position.longitude,parking,Roosevelt,-73.5837,1700152037000000873
.parking-position.longitude,parking,Pearl River,-74.0047,1700152037000000873
.parking-position.longitude,parking,Port Washington,-73.6765,1700152037000000873
.parking-position.longitude,parking,Kings Park,-73.2475,1700152037000000873
.parking-position.longitude,parking,Floral Park,-73.7029,1700152037000000873
.parking-position.longitude,parking,Sayville,-73.0840,1700152037000000873
.parking-position.longitude,parking,Bellmore,-73.5285,1700152037000000873
.parking-position.longitude,parking,Mastic Beach,-72.8369,1700152037000000873
.parking-position.longitude,parking,Westbury,-73.5891,1700152037000000873
.parking-position.longitude,parking,Seaford,-73.4922,1700152037000000873
.parking-position.longitude,parking,New Cassel,-73.5649,1700152037000000873
.parking-position.longitude,parking,Kenmore,-78.8713,1700152037000000873
.parking-position.longitude,parking,Depew,-78.7043,1700152037000000873
.parking-position.longitude,parking,Mastic,-72.8479,1700152037000000873
.parking-position.longitude,parking,North New Hyde Park,-73.6876,1700152037000000873
.parking-position.longitude,parking,Eggertsville,-78.8065,1700152037000000873
.parking-position.longitude,parking,Tonawanda,-78.8805,1700152037000000873
.parking-position.longitude,parking,Gloversville,-74.3465,1700152037000000873
.parking-position.longitude,parking,South Farmingdale,-73.4473,1700152037000000873
.parking-position.longitude,parking,Hampton Bays,-72.5225,1700152037000000873
.parking-position.longitude,parking,Greenlawn,-73.3646,1700152037000000873
.parking-position.longitude,parking,Batavia,-78.1802,1700152037000000873
.parking-position.longitude,parking,Johnson City,-75.9624,1700152037000000873
.parking-position.longitude,parking,Jericho,-73.5416,1700152037000000873
.parking-position.longitude,parking,Oneonta,-75.0666,1700152037000000873
.parking-position.longitude,parking,Jefferson Valley-Yorktown,-73.8008,1700152037000000873
.parking-position.longitude,parking,Latham,-73.7497,1700152037000000873
.parking-position.longitude,parking,Beacon,-73.9655,1700152037000000873
.parking-position.longitude,parking,Olean,-78.4321,1700152037000000873
.parking-position.longitude,parking,Ridge,-72.8816,1700152037000000873
.parking-position.longitude,parking,St. James,-73.1521,1700152037000000873
.parking-position.longitude,parking,Nesconset,-73.1522,1700152037000000873
.parking-position.longitude,parking,Rocky Point,-72.9364,1700152037000000873
.parking-position.longitude,parking,Fort Drum,-75.7845,1700152037000000873
.parking-position.longitude,parking,Miller Place,-72.9864,1700152037000000873
.parking-position.longitude,parking,Manorville,-72.7915,1700152037000000873
.parking-position.longitude,parking,East Islip,-73.1869,1700152037000000873
.parking-position.longitude,parking,Geneva,-76.9826,1700152037000000873
.parking-position.longitude,parking,Endicott,-76.0639,1700152037000000873
.parking-position.longitude,parking,Salisbury,-73.5604,1700152037000000873
.parking-position.longitude,parking,Patchogue,-73.0185,1700152037000000873
.parking-position.longitude,parking,North Merrick,-73.5615,1700152037000000873
.parking-position.longitude,parking,Roessleville,-73.7964,1700152037000000873
.parking-position.longitude,parking,Dunkirk,-79.3324,1700152037000000873
.parking-position.longitude,parking,North Wantagh,-73.5086,1700152037000000873
.parking-position.longitude,parking,Stony Brook,-73.1278,1700152037000000873
.parking-position.longitude,parking,Wyandanch,-73.3633,1700152037000000873
.parking-position.longitude,parking,Elwood,-73.3389,1700152037000000873
.parking-position.longitude,parking,Terryville,-73.0486,1700152037000000873
.parking-position.longitude,parking,Endwell,-76.0219,1700152037000000873
.parking-position.longitude,parking,Tarrytown,-73.8672,1700152037000000873
.parking-position.longitude,parking,Fulton,-76.4167,1700152037000000873
.parking-position.longitude,parking,East Glenville,-73.9256,1700152037000000873
.parking-position.longitude,parking,Lake Grove,-73.1168,1700152037000000873
.parking-position.longitude,parking,Middle Island,-72.9454,1700152037000000873
.parking-position.longitude,parking,Dobbs Ferry,-73.8697,1700152037000000873
.parking-position.longitude,parking,Mount Kisco,-73.7281,1700152037000000873
.parking-position.longitude,parking,Suffern,-74.1422,1700152037000000873
.parking-position.longitude,parking,Oneida,-75.6622,1700152037000000873
.parking-position.longitude,parking,North Lindenhurst,-73.3859,1700152037000000873
.parking-position.longitude,parking,Woodbury,-74.1004,1700152037000000873
.parking-position.longitude,parking,Corning,-77.0561,1700152037000000873
.parking-position.longitude,parking,Ogdensburg,-75.4717,1700152037000000873
.parking-position.longitude,parking,De Witt,-76.0819,1700152037000000873
.parking-position.longitude,parking,North Bellport,-72.9457,1700152037000000873
.parking-position.longitude,parking,Mount Sinai,-73.0179,1700152037000000873
.parking-position.longitude,parking,Fredonia,-79.3319,1700152037000000873
.parking-position.longitude,parking,West Haverstraw,-73.9884,1700152037000000873
.parking-position.longitude,parking,South Huntington,-73.3921,1700152037000000873
.parking-position.longitude,parking,Great Neck,-73.7333,1700152037000000873
.parking-position.longitude,parking,Sleepy Hollow,-73.8722,1700152037000000873
.parking-position.longitude,parking,Watervliet,-73.7068,1700152037000000873
.parking-position.longitude,parking,Fort Salonga,-73.2996,1700152037000000873
.parking-position.longitude,parking,Loudonville,-73.7665,1700152037000000873
.parking-position.longitude,parking,Fairmount,-76.2485,1700152037000000873
.parking-position.longitude,parking,Scotchtown,-74.3668,1700152037000000873
.parking-position.longitude,parking,East Rockaway,-73.6672,1700152037000000873
.parking-position.longitude,parking,Inwood,-73.7506,1700152037000000873
.parking-position.longitude,parking,Orange Lake,-74.1005,1700152037000000873
.parking-position.longitude,parking,New Hyde Park,-73.6858,1700152037000000873
.parking-position.longitude,parking,North Gates,-77.7064,1700152037000000873
.parking-position.longitude,parking,Myers Corner,-73.8793,1700152037000000873
.parking-position.longitude,parking,Rye Brook,-73.6864,1700152037000000873
.parking-position.longitude,parking,East Setauket,-73.0942,1700152037000000873
.parking-position.longitude,parking,Amityville,-73.4156,1700152037000000873
.parking-position.longitude,parking,Bohemia,-73.1271,1700152037000000873
.parking-position.longitude,parking,Rensselaer,-73.7328,1700152037000000873
.parking-position.longitude,parking,Greenville,-73.8189,1700152037000000873
.parking-position.longitude,parking,Mahopac,-73.7414,1700152037000000873
.parking-position.longitude,parking,Woodbury,-73.4703,1700152037000000873
.parking-position.longitude,parking,Farmingdale,-73.4468,1700152037000000873
.parking-position.longitude,parking,Newark,-77.0930,1700152037000000873
.parking-position.longitude,parking,Plainedge,-73.4770,1700152037000000873
.parking-position.longitude,parking,Valley Cottage,-73.9433,1700152037000000873
.parking-position.longitude,parking,Airmont,-74.0989,1700152037000000873
.parking-position.longitude,parking,Glens Falls North,-73.6832,1700152037000000873
.parking-position.longitude,parking,New Square,-74.0294,1700152037000000873
.parking-position.longitude,parking,Bayport,-73.0546,1700152037000000873
.parking-position.longitude,parking,Stony Brook University,-73.1217,1700152037000000873
.parking-position.longitude,parking,Port Jervis,-74.6910,1700152037000000873
.parking-position.longitude,parking,West Glens Falls,-73.6964,1700152037000000873
.parking-position.longitude,parking,Malverne,-73.6721,1700152037000000873
.parking-position.longitude,parking,South Lockport,-78.6855,1700152037000000873
.parking-position.longitude,parking,Lake Carmel,-73.6683,1700152037000000873
.parking-position.longitude,parking,Hornell,-77.6633,1700152037000000873
.parking-position.longitude,parking,Johnstown,-74.3755,1700152037000000873
.parking-position.longitude,parking,North Patchogue,-73.0234,1700152037000000873
.parking-position.longitude,parking,Congers,-73.9457,1700152037000000873
.parking-position.longitude,parking,Brockport,-77.9404,1700152037000000873
.parking-position.longitude,parking,Wading River,-72.8230,1700152037000000873
.parking-position.longitude,parking,Croton-on-Hudson,-73.9001,1700152037000000873
.parking-position.longitude,parking,Garden City Park,-73.6639,1700152037000000873
.parking-position.longitude,parking,Chestnut Ridge,-74.0551,1700152037000000873
.parking-position.longitude,parking,Port Jefferson,-73.0577,1700152037000000873
.parking-position.longitude,parking,Hastings-on-Hudson,-73.8799,1700152037000000873
.parking-position.longitude,parking,Center Moriches,-72.7958,1700152037000000873
.parking-position.longitude,parking,Manhasset,-73.6943,1700152037000000873
.parking-position.longitude,parking,Mechanicstown,-74.3914,1700152037000000873
.parking-position.longitude,parking,Ilion,-75.0396,1700152037000000873
.parking-position.longitude,parking,Baldwinsville,-76.3325,1700152037000000873
.parking-position.longitude,parking,Briarcliff Manor,-73.8438,1700152037000000873
.parking-position.longitude,parking,Scotia,-73.9607,1700152037000000873
.parking-position.longitude,parking,Port Jefferson Station,-73.0652,1700152037000000873
.parking-position.longitude,parking,Hillcrest,-74.0350,1700152037000000873
.parking-position.longitude,parking,Tappan,-73.9520,1700152037000000873
.parking-position.longitude,parking,Mount Ivy,-74.0296,1700152037000000873
.parking-position.longitude,parking,Northport,-73.3447,1700152037000000873
.parking-position.longitude,parking,Williston Park,-73.6465,1700152037000000873
.parking-position.longitude,parking,Pleasantville,-73.7828,1700152037000000873
.parking-position.longitude,parking,Springs,-72.1584,1700152037000000873
.parking-position.longitude,parking,Viola,-74.0855,1700152037000000873
.parking-position.longitude,parking,East Hills,-73.6292,1700152037000000873
.parking-position.longitude,parking,Nyack,-73.9143,1700152037000000873
.parking-position.longitude,parking,East Shoreham,-72.8811,1700152037000000873
.parking-position.longitude,parking,Sound Beach,-72.9725,1700152037000000873
.parking-position.longitude,parking,Hudson Falls,-73.5819,1700152037000000873
.parking-position.longitude,parking,Hewlett,-73.6942,1700152037000000873
.parking-position.longitude,parking,Great Neck Plaza,-73.7262,1700152037000000873
.parking-position.longitude,parking,Westmere,-73.8744,1700152037000000873
.parking-position.longitude,parking,Oakdale,-73.1344,1700152037000000873
.parking-position.longitude,parking,Baywood,-73.2899,1700152037000000873
.parking-position.longitude,parking,Radisson,-76.2988,1700152037000000873
.parking-position.longitude,parking,North Syracuse,-76.1304,1700152037000000873
.parking-position.longitude,parking,Manorhaven,-73.7127,1700152037000000873
.parking-position.longitude,parking,Bayville,-73.5602,1700152037000000873
.parking-position.longitude,parking,Roslyn Heights,-73.6396,1700152037000000873
.parking-position.longitude,parking,Walden,-74.1879,1700152037000000873
.parking-position.longitude,parking,Cedarhurst,-73.7278,1700152037000000873
.parking-position.longitude,parking,Norwich,-75.5227,1700152037000000873
.parking-position.longitude,parking,Tuckahoe,-73.8230,1700152037000000873
.parking-position.longitude,parking,East Rochester,-77.4869,1700152037000000873
.parking-position.longitude,parking,South Valley Stream,-73.7185,1700152037000000873
.parking-position.longitude,parking,Lawrence,-73.7151,1700152037000000873
.parking-position.longitude,parking,South Hill,-76.4883,1700152037000000873
.parking-position.longitude,parking,Irvington,-73.8660,1700152037000000873
.parking-position.longitude,parking,Bronxville,-73.8265,1700152037000000873
.parking-position.longitude,parking,Monticello,-74.6874,1700152037000000873
.parking-position.longitude,parking,West Point,-74.0123,1700152037000000873
.parking-position.longitude,parking,Solvay,-76.2123,1700152037000000873
.parking-position.longitude,parking,Gananda,-77.3361,1700152037000000873
.parking-position.longitude,parking,East Aurora,-78.6172,1700152037000000873
.parking-position.longitude,parking,Binghamton University,-75.9684,1700152037000000873
.parking-position.longitude,parking,Larchmont,-73.7531,1700152037000000873
.parking-position.longitude,parking,Hudson,-73.7859,1700152037000000873
.parking-position.longitude,parking,Mattydale,-76.1388,1700152037000000873
.parking-position.longitude,parking,University at Buffalo,-78.7887,1700152037000000873
.parking-position.longitude,parking,East Farmingdale,-73.4114,1700152037000000873
.parking-position.longitude,parking,Yaphank,-72.9233,1700152037000000873
.parking-position.longitude,parking,Highland,-73.9625,1700152037000000873
.parking-position.longitude,parking,Harris Hill,-78.6793,1700152037000000873
.parking-position.longitude,parking,Wesley Hills,-74.0768,1700152037000000873
.parking-position.longitude,parking,North Hills,-73.6778,1700152037000000873
.parking-position.longitude,parking,Medina,-78.3888,1700152037000000873
.parking-position.longitude,parking,Hilton,-77.7925,1700152037000000873
.parking-position.longitude,parking,Lake Mohegan,-73.8475,1700152037000000873
.parking-position.longitude,parking,Centerport,-73.3704,1700152037000000873
.parking-position.longitude,parking,Washingtonville,-74.1577,1700152037000000873
.parking-position.longitude,parking,Lakeview,-73.6493,1700152037000000873
.parking-position.longitude,parking,Fairview,-73.9137,1700152037000000873
.parking-position.longitude,parking,Ballston Spa,-73.8525,1700152037000000873
.parking-position.longitude,parking,Wappingers Falls,-73.9181,1700152037000000873
.parking-position.longitude,parking,Rochester Institute of Technology,-77.6715,1700152037000000873
.parking-position.longitude,parking,Albion,-78.1902,1700152037000000873
.parking-position.longitude,parking,Saranac Lake,-74.1309,1700152037000000873
.parking-position.longitude,parking,Pelham Manor,-73.8058,1700152037000000873
.parking-position.longitude,parking,Salamanca,-78.7233,1700152037000000873
.parking-position.longitude,parking,Old Bethpage,-73.4545,1700152037000000873
.parking-position.longitude,parking,New Hempstead,-74.0485,1700152037000000873
.parking-position.longitude,parking,Blauvelt,-73.9545,1700152037000000873
.parking-position.longitude,parking,Kaser,-74.0684,1700152037000000873
.parking-position.longitude,parking,Fairport,-77.4427,1700152037000000873
.parking-position.longitude,parking,Country Knolls,-73.8070,1700152037000000873
.parking-position.longitude,parking,Calverton,-72.7660,1700152037000000873
.parking-position.longitude,parking,North Sea,-72.4047,1700152037000000873
.parking-position.longitude,parking,Kings Point,-73.7405,1700152037000000873
.parking-position.longitude,parking,Islip Terrace,-73.1869,1700152037000000873
.parking-position.longitude,parking,Wheatley Heights,-73.3705,1700152037000000873
.parking-position.longitude,parking,West Hills,-73.4339,1700152037000000873
.parking-position.longitude,parking,Elmsford,-73.8143,1700152037000000873
.parking-position.longitude,parking,Williamsville,-78.7418,1700152037000000873
.parking-position.longitude,parking,Flanders,-72.6051,1700152037000000873
.parking-position.longitude,parking,Hampton Manor,-73.7288,1700152037000000873
.parking-position.longitude,parking,Grandyle Village,-78.9524,1700152037000000873
.parking-position.longitude,parking,Mechanicville,-73.6894,1700152037000000873
.parking-position.longitude,parking,Penn Yan,-77.0535,1700152037000000873
.parking-position.longitude,parking,East Quogue,-72.5785,1700152037000000873
.parking-position.longitude,parking,Firthcliffe,-74.0353,1700152037000000873
.parking-position.longitude,parking,Sea Cliff,-73.6442,1700152037000000873
.parking-position.longitude,parking,Westvale,-76.2176,1700152037000000873
.parking-position.longitude,parking,Carle Place,-73.6124,1700152037000000873
.parking-position.longitude,parking,West Sayville,-73.1051,1700152037000000873
.parking-position.longitude,parking,Albertson,-73.6482,1700152037000000873
.parking-position.longitude,parking,East Moriches,-72.7573,1700152037000000873
.parking-position.longitude,parking,Mattituck,-72.5419,1700152037000000873
.parking-position.longitude,parking,Flower Hill,-73.6755,1700152037000000873
.parking-position.longitude,parking,Chittenango,-75.8748,1700152037000000873
.parking-position.longitude,parking,Glen Head,-73.6180,1700152037000000873
.parking-position.longitude,parking,Island Park,-73.6553,1700152037000000873
.parking-position.longitude,parking,West Elmira,-76.8472,1700152037000000873
.parking-position.longitude,parking,Blue Point,-73.0353,1700152037000000873
.parking-position.longitude,parking,Gang Mills,-77.1230,1700152037000000873
.parking-position.longitude,parking,Little Falls,-74.8566,1700152037000000873
.parking-position.longitude,parking,Dansville,-77.6968,1700152037000000873
.parking-position.longitude,parking,Old Westbury,-73.5975,1700152037000000873
.parking-position.longitude,parking,Montebello,-74.1135,1700152037000000873
.parking-position.longitude,parking,Canastota,-75.7559,1700152037000000873
.parking-position.longitude,parking,Hawthorne,-73.7968,1700152037000000873
.parking-position.longitude,parking,Brewerton,-76.1410,1700152037000000873
.parking-position.longitude,parking,Ardsley,-73.8394,1700152037000000873
.parking-position.longitude,parking,West Bay Shore,-73.2618,1700152037000000873
.parking-position.longitude,parking,Thornwood,-73.7795,1700152037000000873
.parking-position.longitude,parking,Searingtown,-73.6603,1700152037000000873
.parking-position.longitude,parking,Orangeburg,-73.9408,1700152037000000873
.parking-position.longitude,parking,Armonk,-73.7138,1700152037000000873
.parking-position.longitude,parking,University Gardens,-73.7281,1700152037000000873
.parking-position.longitude,parking,Heritage Hills,-73.7016,1700152037000000873
.parking-position.longitude,parking,Springville,-78.6696,1700152037000000873
.parking-position.longitude,parking,Garden City South,-73.6607,1700152037000000873
.parking-position.longitude,parking,Thiells,-74.0121,1700152037000000873
.parking-position.longitude,parking,Elmira Heights,-76.8254,1700152037000000873
.parking-position.longitude,parking,East Hampton North,-72.1892,1700152037000000873
.parking-position.longitude,parking,Gordon Heights,-72.9678,1700152037000000873
.parking-position.longitude,parking,Galeville,-76.1871,1700152037000000873
.parking-position.longitude,parking,Noyack,-72.3350,1700152037000000873
.parking-position.longitude,parking,Waverly,-76.5406,1700152037000000873
.parking-position.longitude,parking,Northwest Harbor,-72.2287,1700152037000000873
.parking-position.longitude,parking,Spackenkill,-73.9100,1700152037000000873
.parking-position.longitude,parking,Fayetteville,-75.9984,1700152037000000873
.parking-position.longitude,parking,Chester,-74.2768,1700152037000000873
.parking-position.longitude,parking,Herricks,-73.6635,1700152037000000873
.parking-position.longitude,parking,Ellenville,-74.3609,1700152037000000873
.parking-position.longitude,parking,Gardnertown,-74.0595,1700152037000000873
.parking-position.longitude,parking,Akwesasne,-74.6664,1700152037000000873
.parking-position.longitude,parking,West Nyack,-73.9714,1700152037000000873
.parking-position.longitude,parking,Highland-on-the-Lake,-78.9819,1700152037000000873
.parking-position.longitude,parking,Lyncourt,-76.1265,1700152037000000873
.parking-position.longitude,parking,Putnam Lake,-73.5507,1700152037000000873
.parking-position.longitude,parking,Red Oaks Mill,-73.8748,1700152037000000873
.parking-position.longitude,parking,Menands,-73.7271,1700152037000000873
.parking-position.longitude,parking,Highland Falls,-73.9682,1700152037000000873
.parking-position.longitude,parking,Setauket,-73.1160,1700152037000000873
.parking-position.longitude,parking,Manhasset Hills,-73.6809,1700152037000000873
.parking-position.longitude,parking,Elma Center,-78.6342,1700152037000000873
.parking-position.longitude,parking,Marlboro,-73.9772,1700152037000000873
.parking-position.longitude,parking,Clifton Knolls-Mill Creek,-73.8082,1700152037000000873
.parking-position.longitude,parking,Village Green,-76.3108,1700152037000000873
.parking-position.longitude,parking,Lloyd Harbor,-73.4616,1700152037000000873
.parking-position.longitude,parking,Muttontown,-73.5363,1700152037000000873
.parking-position.longitude,parking,Spencerport,-77.8067,1700152037000000873
.parking-position.longitude,parking,SUNY Oswego,-76.5439,1700152037000000873
.parking-position.longitude,parking,Cayuga Heights,-76.4876,1700152037000000873
.parking-position.longitude,parking,Glenwood Landing,-73.6378,1700152037000000873
.parking-position.longitude,parking,Whitesboro,-75.2967,1700152037000000873
.parking-position.longitude,parking,South Glens Falls,-73.6351,1700152037000000873
.parking-position.longitude,parking,Brookville,-73.5696,1700152037000000873
.parking-position.longitude,parking,Maybrook,-74.2130,1700152037000000873
.parking-position.longitude,parking,Balmville,-74.0234,1700152037000000873
.parking-position.longitude,parking,Bardonia,-73.9822,1700152037000000873
.parking-position.longitude,parking,Montauk,-71.9465,1700152037000000873
.parking-position.longitude,parking,Calcium,-75.8468,1700152037000000873
.parking-position.longitude,parking,Sloan,-78.7918,1700152037000000873
.parking-position.longitude,parking,Valhalla,-73.7778,1700152037000000873
.parking-position.longitude,parking,Locust Valley,-73.5884,1700152037000000873
.parking-position.longitude,parking,Minoa,-76.0083,1700152037000000873
.parking-position.longitude,parking,Montrose,-73.9424,1700152037000000873
.parking-position.longitude,parking,Wynantskill,-73.6449,1700152037000000873
.parking-position.longitude,parking,North Great River,-73.1680,1700152037000000873
.parking-position.longitude,parking,West Sand Lake,-73.6033,1700152037000000873
.parking-position.longitude,parking,Lake Erie Beach,-79.0786,1700152037000000873
.parking-position.longitude,parking,Walton Park,-74.2237,1700152037000000873
.parking-position.longitude,parking,Carthage,-75.6021,1700152037000000873
.parking-position.longitude,parking,Hoosick Falls,-73.3500,1700152037000000873
.parking-position.longitude,parking,South Nyack,-73.9127,1700152037000000873
.parking-position.longitude,parking,Port Ewen,-73.9778,1700152037000000873
.parking-position.longitude,parking,Islandia,-73.1711,1700152037000000873
.parking-position.longitude,parking,Wanakah,-78.9027,1700152037000000873
.parking-position.longitude,parking,Lake Success,-73.7089,1700152037000000873
.parking-position.longitude,parking,Clarence Center,-78.6309,1700152037000000873
.parking-position.longitude,parking,Hartsdale,-73.8036,1700152037000000873
.parking-position.longitude,parking,Ravena,-73.8112,1700152037000000873
.parking-position.longitude,parking,Port Washington North,-73.7014,1700152037000000873
.parking-position.longitude,parking,South Blooming Grove,-74.1790,1700152037000000873
.parking-position.longitude,parking,South Hempstead,-73.6233,1700152037000000873
.parking-position.longitude,parking,Chenango Bridge,-75.8586,1700152037000000873
.parking-position.longitude,parking,Haviland,-73.8977,1700152037000000873
.parking-position.longitude,parking,Sloatsburg,-74.1902,1700152037000000873
.parking-position.longitude,parking,Westhampton,-72.6616,1700152037000000873
.parking-position.longitude,parking,Shrub Oak,-73.8296,1700152037000000873
.parking-position.longitude,parking,Greenwood Lake,-74.2892,1700152037000000873
.parking-position.longitude,parking,Brightwaters,-73.2642,1700152037000000873
.parking-position.longitude,parking,New York Mills,-75.2932,1700152037000000873
.parking-position.longitude,parking,Pomona,-74.0543,1700152037000000873
.parking-position.longitude,parking,Lake Delta,-75.4672,1700152037000000873
.parking-position.longitude,parking,Harriman,-74.1445,1700152037000000873
.parking-position.longitude,parking,Sherrill,-75.5993,1700152037000000873
.parking-position.longitude,parking,Cutchogue,-72.4871,1700152037000000873
.parking-position.longitude,parking,East Syracuse,-76.0698,1700152037000000873
.parking-position.longitude,parking,Cornwall-on-Hudson,-74.0145,1700152037000000873
.parking-position.longitude,parking,Vails Gate,-74.0533,1700152037000000873
.parking-position.longitude,parking,East Norwich,-73.5288,1700152037000000873
.parking-position.longitude,parking,Munsons Corners,-76.2053,1700152037000000873
.parking-position.longitude,parking,Bedford Hills,-73.6964,1700152037000000873
.parking-position.longitude,parking,Roslyn,-73.6491,1700152037000000873
.parking-position.longitude,parking,Gowanda,-78.9339,1700152037000000873
.parking-position.longitude,parking,Florida,-74.3533,1700152037000000873
.parking-position.longitude,parking,Lido Beach,-73.6128,1700152037000000873
.parking-position.longitude,parking,Great Neck Estates,-73.7396,1700152037000000873
.parking-position.longitude,parking,Cold Spring Harbor,-73.4506,1700152037000000873
.parking-position.longitude,parking,Akron,-78.4978,1700152037000000873
.parking-position.longitude,parking,Baiting Hollow,-72.7395,1700152037000000873
.parking-position.longitude,parking,Mountain Lodge Park,-74.1419,1700152037000000873
.parking-position.longitude,parking,Lakewood,-79.3201,1700152037000000873
.parking-position.longitude,parking,Voorheesville,-73.9347,1700152037000000873
.parking-position.longitude,parking,Angola,-79.0295,1700152037000000873
.parking-position.longitude,parking,Sands Point,-73.7044,1700152037000000873
.parking-position.longitude,parking,Honeoye Falls,-77.5902,1700152037000000873
.parking-position.longitude,parking,Northeast Ithaca,-76.4623,1700152037000000873
.parking-position.longitude,parking,Crown Heights,-73.9287,1700152037000000873
.parking-position.longitude,parking,Munsey Park,-73.6799,1700152037000000873
.parking-position.longitude,parking,Arlington,-73.8989,1700152037000000873
.parking-position.longitude,parking,Blasdell,-78.8324,1700152037000000873
.parking-position.longitude,parking,Green Island,-73.6926,1700152037000000873
.parking-position.longitude,parking,Phoenix,-76.2961,1700152037000000873
.parking-position.longitude,parking,Clifton Gardens,-73.7838,1700152037000000873
.parking-position.longitude,parking,Chappaqua,-73.7660,1700152037000000873
.parking-position.longitude,parking,Vassar College,-73.8931,1700152037000000873
.parking-position.longitude,parking,Riverside,-72.6695,1700152037000000873
.parking-position.longitude,parking,Thomaston,-73.7153,1700152037000000873
.parking-position.longitude,parking,Barnum Island,-73.6437,1700152037000000873
.parking-position.longitude,parking,Yorkville,-75.2739,1700152037000000873
.parking-position.longitude,parking,Brewster Hill,-73.6069,1700152037000000873
.parking-position.longitude,parking,Horseheads North,-76.8078,1700152037000000873
.parking-position.longitude,parking,Keeseville,-73.4812,1700152037000000873
.parking-position.longitude,parking,East Williston,-73.6336,1700152037000000873
.parking-position.longitude,parking,Piermont,-73.9148,1700152037000000873
.parking-position.longitude,parking,Brinckerhoff,-73.8654,1700152037000000873
.parking-position.longitude,parking,Lake Katrine,-73.9893,1700152037000000873
.parking-position.longitude,parking,Beaver Dam Lake,-74.1216,1700152037000000873
.parking-position.longitude,parking,Stone Ridge,-74.1518,1700152037000000873
.parking-position.longitude,parking,Lakeland,-76.2427,1700152037000000873
.parking-position.longitude,parking,Dolgeville,-74.7749,1700152037000000873
.parking-position.longitude,parking,Moriches,-72.8235,1700152037000000873
.parking-position.longitude,parking,Halesite,-73.4138,1700152037000000873
.parking-position.longitude,parking,North Boston,-78.7793,1700152037000000873
.parking-position.longitude,parking,Jamestown West,-79.2810,1700152037000000873
.parking-position.longitude,parking,Rouses Point,-73.3633,1700152037000000873
.parking-position.longitude,parking,Tioga Terrace,-76.1198,1700152037000000873
.parking-position.longitude,parking,Silver Creek,-79.1678,1700152037000000873
.parking-position.longitude,parking,Upper Nyack,-73.9058,1700152037000000873
.parking-position.longitude,parking,Nedrow,-76.1417,1700152037000000873
.parking-position.longitude,parking,Buchanan,-73.9468,1700152037000000873
.parking-position.longitude,parking,Crompond,-73.8357,1700152037000000873
.parking-position.longitude,parking,Melrose Park,-76.5263,1700152037000000873
.parking-position.longitude,parking,Brewster,-73.6151,1700152037000000873
.parking-position.longitude,parking,Falconer,-79.1969,1700152037000000873
.parking-position.longitude,parking,Lake Placid,-73.9853,1700152037000000873
.parking-position.longitude,parking,Pulaski,-76.1268,1700152037000000873
.parking-position.longitude,parking,Washington Mills,-75.2809,1700152037000000873
.parking-position.longitude,parking,Rock Hill,-74.5902,1700152037000000873
.parking-position.longitude,parking,Kerhonkson,-74.2955,1700152037000000873
.parking-position.longitude,parking,West End,-75.0969,1700152037000000873
.parking-position.longitude,parking,Greenport West,-72.3734,1700152037000000873
.parking-position.longitude,parking,Liverpool,-76.2095,1700152037000000873
.parking-position.longitude,parking,Siena College,-73.7500,1700152037000000873
.parking-position.longitude,parking,East Ithaca,-76.4612,1700152037000000873
.parking-position.longitude,parking,Lincoln Park,-74.0018,1700152037000000873
.parking-position.longitude,parking,Apalachin,-76.1567,1700152037000000873
.parking-position.longitude,parking,Glasco,-73.9477,1700152037000000873
.parking-position.longitude,parking,Churchville,-77.8825,1700152037000000873
.parking-position.longitude,parking,Saugerties South,-73.9522,1700152037000000873
.parking-position.longitude,parking,Scottsville,-77.7555,1700152037000000873
.parking-position.longitude,parking,Northwest Ithaca,-76.5387,1700152037000000873
.parking-position.longitude,parking,Watchtower,-74.2633,1700152037000000873
.parking-position.longitude,parking,Bellerose Terrace,-73.7252,1700152037000000873
.parking-position.longitude,parking,Morrisville,-75.6448,1700152037000000873
.parking-position.longitude,parking,Dundee,-76.9775,1700152037000000873
.parking-position.longitude,parking,Marist College,-73.9333,1700152037000000873
.parking-position.longitude,parking,Watkins Glen,-76.8673,1700152037000000873
.parking-position.longitude,parking,St. Bonaventure,-78.4748,1700152037000000873
.parking-position.longitude,parking,Central Square,-76.1419,1700152037000000873
.parking-position.longitude,parking,Aquebogue,-72.6149,1700152037000000873
.parking-position.longitude,parking,Lorenz Park,-73.7700,1700152037000000873
.parking-position.longitude,parking,Oyster Bay Cove,-73.5037,1700152037000000873
.parking-position.longitude,parking,Laurel Hollow,-73.4755,1700152037000000873
.parking-position.longitude,parking,Stewart Manor,-73.6854,1700152037000000873
.parking-position.longitude,parking,Washington Heights,-74.4177,1700152037000000873
.parking-position.longitude,parking,Great River,-73.1628,1700152037000000873
.parking-position.longitude,parking,Clinton,-75.3784,1700152037000000873
.parking-position.longitude,parking,Sag Harbor,-72.2892,1700152037000000873
.parking-position.longitude,parking,Weedsport,-76.5637,1700152037000000873
.parking-position.longitude,parking,Peach Lake,-73.5785,1700152037000000873
.parking-position.longitude,parking,Clifton Springs,-77.1350,1700152037000000873
.parking-position.longitude,parking,Port Dickinson,-75.8939,1700152037000000873
.parking-position.longitude,parking,Cold Spring,-73.9545,1700152037000000873
.parking-position.longitude,parking,Lattingtown,-73.5967,1700152037000000873
.parking-position.longitude,parking,Eastport,-72.7285,1700152037000000873
.parking-position.longitude,parking,Bellport,-72.9422,1700152037000000873
.parking-position.longitude,parking,Middleport,-78.4757,1700152037000000873
.parking-position.longitude,parking,Crest View Heights,-76.1233,1700152037000000873
.parking-position.longitude,parking,Shenorock,-73.7409,1700152037000000873
.parking-position.longitude,parking,Holley,-78.0292,1700152037000000873
.parking-position.longitude,parking,Westhampton Beach,-72.6457,1700152037000000873
.parking-position.longitude,parking,Cooperstown,-74.9300,1700152037000000873
.parking-position.longitude,parking,Fort Montgomery,-73.9846,1700152037000000873
.parking-position.longitude,parking,East Atlantic Beach,-73.7092,1700152037000000873
.parking-position.longitude,parking,Water Mill,-72.3533,1700152037000000873
.parking-position.longitude,parking,Conesus Lake,-77.7135,1700152037000000873
.parking-position.longitude,parking,Tillson,-74.0696,1700152037000000873
.parking-position.longitude,parking,Fort Plain,-74.6278,1700152037000000873
.parking-position.longitude,parking,Clyde,-76.8707,1700152037000000873
.parking-position.longitude,parking,Hamilton College,-75.4078,1700152037000000873
.parking-position.longitude,parking,Village of the Branch,-73.1844,1700152037000000873
.parking-position.longitude,parking,Old Brookville,-73.6040,1700152037000000873
.parking-position.longitude,parking,Montour Falls,-76.8484,1700152037000000873
.parking-position.longitude,parking,Clintondale,-74.0429,1700152037000000873
.parking-position.longitude,parking,Seneca Knolls,-76.2873,1700152037000000873
.parking-position.longitude,parking,Golden's Bridge,-73.6682,1700152037000000873
.parking-position.longitude,parking,Altamont,-74.0340,1700152037000000873
.parking-position.longitude,parking,South Floral Park,-73.7004,1700152037000000873
.parking-position.longitude,parking,Town Line,-78.5610,1700152037000000873
.parking-position.longitude,parking,Walker Valley,-74.3761,1700152037000000873
.parking-position.longitude,parking,Remsenburg-Speonk,-72.7064,1700152037000000873
.parking-position.longitude,parking,Merritt Park,-73.8723,1700152037000000873
.parking-position.longitude,parking,Frewsburg,-79.1483,1700152037000000873
.parking-position.longitude,parking,Shortsville,-77.2227,1700152037000000873
.parking-position.longitude,parking,Katonah,-73.6857,1700152037000000873
.parking-position.longitude,parking,Painted Post,-77.0925,1700152037000000873
.parking-position.longitude,parking,Youngstown,-79.0443,1700152037000000873
.parking-position.longitude,parking,Houghton,-78.1638,1700152037000000873
.parking-position.longitude,parking,Pine Bush,-74.2966,1700152037000000873
.parking-position.longitude,parking,Angola on the Lake,-79.0523,1700152037000000873
.parking-position.longitude,parking,Waterville,-75.3802,1700152037000000873
.parking-position.longitude,parking,Trumansburg,-76.6618,1700152037000000873
.parking-position.longitude,parking,Upper Brookville,-73.5628,1700152037000000873
.parking-position.longitude,parking,Huntington Bay,-73.4162,1700152037000000873
.parking-position.longitude,parking,Northville,-72.6181,1700152037000000873
.parking-position.longitude,parking,Nissequogue,-73.1923,1700152037000000873
.parking-position.longitude,parking,Loch Sheldrake,-74.6570,1700152037000000873
.parking-position.longitude,parking,Gasport,-78.5762,1700152037000000873
.parking-position.longitude,parking,West Hurley,-74.1120,1700152037000000873
.parking-position.longitude,parking,Shinnecock Hills,-72.4554,1700152037000000873
.parking-position.longitude,parking,Yorktown Heights,-73.7755,1700152037000000873
.parking-position.longitude,parking,Bard College,-73.9094,1700152037000000873
.parking-position.longitude,parking,Morrisonville,-73.5552,1700152037000000873
.parking-position.longitude,parking,Sackets Harbor,-76.1182,1700152037000000873
.parking-position.longitude,parking,Norwood,-74.9970,1700152037000000873
.parking-position.longitude,parking,Valatie,-73.6779,1700152037000000873
.parking-position.longitude,parking,Ransomville,-78.9129,1700152037000000873
.parking-position.longitude,parking,Otisville,-74.5397,1700152037000000873
.parking-position.longitude,parking,Billington Heights,-78.6237,1700152037000000873
.parking-position.longitude,parking,West Carthage,-75.6219,1700152037000000873
.parking-position.longitude,parking,Cumberland Head,-73.3980,1700152037000000873
.parking-position.longitude,parking,Castleton-on-Hudson,-73.7491,1700152037000000873
.parking-position.longitude,parking,Bloomfield,-77.4242,1700152037000000873
.parking-position.longitude,parking,Averill Park,-73.5583,1700152037000000873
.parking-position.longitude,parking,Head of the Harbor,-73.1624,1700152037000000873
.parking-position.longitude,parking,Hagaman,-74.1545,1700152037000000873
.parking-position.longitude,parking,Milton,-73.9661,1700152037000000873
.parking-position.longitude,parking,Jordan,-76.4730,1700152037000000873
.parking-position.longitude,parking,Clark Mills,-75.3757,1700152037000000873
.parking-position.longitude,parking,Mayville,-79.5030,1700152037000000873
.parking-position.longitude,parking,Chelsea Cove,-73.7469,1700152037000000873
.parking-position.longitude,parking,Black River,-75.7966,1700152037000000873
.parking-position.longitude,parking,Niverville,-73.6497,1700152037000000873
.parking-position.longitude,parking,Brocton,-79.4428,1700152037000000873
.parking-position.longitude,parking,Stottville,-73.7530,1700152037000000873
.parking-position.longitude,parking,Schuylerville,-73.5808,1700152037000000873
.parking-position.longitude,parking,Lincolndale,-73.7252,1700152037000000873
.parking-position.longitude,parking,Sparkill,-73.9333,1700152037000000873
.parking-position.longitude,parking,Hurleyville,-74.6753,1700152037000000873
.parking-position.longitude,parking,Roslyn Estates,-73.6612,1700152037000000873
.parking-position.longitude,parking,Bay Park,-73.6670,1700152037000000873
.parking-position.longitude,parking,Saint John Fisher College,-77.5108,1700152037000000873
.parking-position.longitude,parking,Shokan,-74.2130,1700152037000000873
.parking-position.longitude,parking,Greenvale,-73.6262,1700152037000000873
.parking-position.longitude,parking,Plandome,-73.6996,1700152037000000873
.parking-position.longitude,parking,Millbrook,-73.6937,1700152037000000873
.parking-position.longitude,parking,Atlantic Beach,-73.7295,1700152037000000873
.parking-position.longitude,parking,Bridgeport,-75.9723,1700152037000000873
.parking-position.longitude,parking,Crugers,-73.9259,1700152037000000873
.parking-position.longitude,parking,Great Bend,-75.7076,1700152037000000873
.parking-position.longitude,parking,New Hackensack,-73.8593,1700152037000000873
.parking-position.longitude,parking,Cortland West,-76.2258,1700152037000000873
.parking-position.longitude,parking,South Fallsburg,-74.6331,1700152037000000873
.parking-position.longitude,parking,Wingdale,-73.5687,1700152037000000873
.parking-position.longitude,parking,Weston Mills,-78.3714,1700152037000000873
.parking-position.longitude,parking,Eatons Neck,-73.3955,1700152037000000873
.parking-position.longitude,parking,Hillside Lake,-73.7944,1700152037000000873
.parking-position.longitude,parking,MacDonnell Heights,-73.8605,1700152037000000873
.parking-position.longitude,parking,Kensington,-73.7222,1700152037000000873
.parking-position.longitude,parking,Sleepy Hollow Lake,-73.8086,1700152037000000873
.parking-position.longitude,parking,Delevan,-78.4796,1700152037000000873
.parking-position.longitude,parking,North Ballston Spa,-73.8516,1700152037000000873
.parking-position.longitude,parking,Union Springs,-76.6909,1700152037000000873
.parking-position.longitude,parking,Round Lake,-73.7958,1700152037000000873
.parking-position.longitude,parking,Bridgehampton,-72.3101,1700152037000000873
.parking-position.longitude,parking,Bellerose,-73.7167,1700152037000000873
.parking-position.longitude,parking,Plattsburgh West,-73.5037,1700152037000000873
.parking-position.longitude,parking,Mineville,-73.5246,1700152037000000873
.parking-position.longitude,parking,Great Neck Gardens,-73.7225,1700152037000000873
.parking-position.longitude,parking,Oriskany,-75.3335,1700152037000000873
.parking-position.longitude,parking,Mill Neck,-73.5582,1700152037000000873
.parking-position.longitude,parking,Point Lookout,-73.5796,1700152037000000873
.parking-position.longitude,parking,Sand Ridge,-76.2294,1700152037000000873
.parking-position.longitude,parking,Sanborn,-78.8777,1700152037000000873
.parking-position.longitude,parking,Olcott,-78.7171,1700152037000000873
.parking-position.longitude,parking,Celoron,-79.2777,1700152037000000873
.parking-position.longitude,parking,East Marion,-72.3419,1700152037000000873
.parking-position.longitude,parking,Palenville,-74.0226,1700152037000000873
.parking-position.longitude,parking,Chadwicks,-75.2710,1700152037000000873
.parking-position.longitude,parking,McGraw,-76.0975,1700152037000000873
.parking-position.longitude,parking,Richfield Springs,-74.9862,1700152037000000873
.parking-position.longitude,parking,Keuka Park,-77.0922,1700152037000000873
.parking-position.longitude,parking,Fallsburg,-74.6112,1700152037000000873
.parking-position.longitude,parking,Poquott,-73.0904,1700152037000000873
.parking-position.longitude,parking,Niagara University,-79.0352,1700152037000000873
.parking-position.longitude,parking,Nazareth College,-77.5193,1700152037000000873
.parking-position.longitude,parking,Arkport,-77.6955,1700152037000000873
.parking-position.longitude,parking,Baxter Estates,-73.6948,1700152037000000873
.parking-position.longitude,parking,Brewster Heights,-73.6286,1700152037000000873
.parking-position.longitude,parking,Sparrow Bush,-74.7175,1700152037000000873
.parking-position.longitude,parking,Whitney Point,-75.9682,1700152037000000873
.parking-position.longitude,parking,Verplanck,-73.9621,1700152037000000873
.parking-position.longitude,parking,Dover Plains,-73.5733,1700152037000000873
.parking-position.longitude,parking,South Corning,-77.0356,1700152037000000873
.parking-position.longitude,parking,Jamesport,-72.5807,1700152037000000873
.parking-position.longitude,parking,Napanoch,-74.3724,1700152037000000873
.parking-position.longitude,parking,Port Byron,-76.6263,1700152037000000873
.parking-position.longitude,parking,Hannawa Falls,-74.9738,1700152037000000873
.parking-position.longitude,parking,Hillburn,-74.1706,1700152037000000873
.parking-position.longitude,parking,Orient,-72.2771,1700152037000000873
.parking-position.longitude,parking,Roslyn Harbor,-73.6379,1700152037000000873
.parking-position.longitude,parking,Wurtsboro,-74.4856,1700152037000000873
.parking-position.longitude,parking,Jefferson Heights,-73.8822,1700152037000000873
.parking-position.longitude,parking,Harbor Isle,-73.6647,1700152037000000873
.parking-position.longitude,parking,Russell Gardens,-73.7254,1700152037000000873
.parking-position.longitude,parking,Adams Center,-76.0001,1700152037000000873
.parking-position.longitude,parking,Philmont,-73.6462,1700152037000000873
.parking-position.longitude,parking,Fair Haven,-76.7044,1700152037000000873
.parking-position.longitude,parking,Saddle Rock,-73.7492,1700152037000000873
.parking-position.longitude,parking,Cattaraugus,-78.8671,1700152037000000873
.parking-position.longitude,parking,North Hornell,-77.6605,1700152037000000873
.parking-position.longitude,parking,Claverack-Red Mills,-73.7268,1700152037000000873
.parking-position.longitude,parking,Alexandria Bay,-75.9161,1700152037000000873
.parking-position.longitude,parking,Hewlett Harbor,-73.6843,1700152037000000873
.parking-position.longitude,parking,South Lansing,-76.4968,1700152037000000873
.parking-position.longitude,parking,Tivoli,-73.9119,1700152037000000873
.parking-position.longitude,parking,Livingston Manor,-74.8255,1700152037000000873
.parking-position.longitude,parking,Old Field,-73.1324,1700152037000000873
.parking-position.longitude,parking,Durhamville,-75.6650,1700152037000000873
.parking-position.longitude,parking,Sodus Point,-76.9954,1700152037000000873
.parking-position.longitude,parking,Lakeville,-77.7030,1700152037000000873
.parking-position.longitude,parking,Millerton,-73.5113,1700152037000000873
.parking-position.longitude,parking,Matinecock,-73.5818,1700152037000000873
.parking-position.longitude,parking,Schroon Lake,-73.7647,1700152037000000873
.parking-position.longitude,parking,Forest Home,-76.4693,1700152037000000873
.parking-position.longitude,parking,Plandome Heights,-73.7049,1700152037000000873
.parking-position.longitude,parking,Breesport,-76.7358,1700152037000000873
.parking-position.longitude,parking,East Herkimer,-74.9636,1700152037000000873
.parking-position.longitude,parking,Tribes Hill,-74.2989,1700152037000000873
.parking-position.longitude,parking,Port Gibson,-77.1569,1700152037000000873
.parking-position.longitude,parking,Earlville,-75.5436,1700152037000000873
.parking-position.longitude,parking,Taconic Shores,-73.5531,1700152037000000873
.parking-position.longitude,parking,North Haven,-72.3140,1700152037000000873
.parking-position.longitude,parking,Laurel,-72.5560,1700152037000000873
.parking-position.longitude,parking,Corfu,-78.4028,1700152037000000873
.parking-position.longitude,parking,Marcy,-75.2680,1700152037000000873
.parking-position.longitude,parking,Forestville,-79.1755,1700152037000000873
.parking-position.longitude,parking,Lime Lake,-78.4808,1700152037000000873
.parking-position.longitude,parking,Woodsburgh,-73.7068,1700152037000000873
.parking-position.longitude,parking,Woodridge,-74.5741,1700152037000000873
.parking-position.longitude,parking,Cleveland,-75.8846,1700152037000000873
.parking-position.longitude,parking,Belmont,-78.0327,1700152037000000873
.parking-position.longitude,parking,Belle Terre,-73.0672,1700152037000000873
.parking-position.longitude,parking,Dexter,-76.0425,1700152037000000873
.parking-position.longitude,parking,Millwood,-73.7964,1700152037000000873
.parking-position.longitude,parking,Hailesboro,-75.4356,1700152037000000873
.parking-position.longitude,parking,Fort Johnson,-74.2381,1700152037000000873
.parking-position.longitude,parking,Oriskany Falls,-75.4636,1700152037000000873
.parking-position.longitude,parking,Middleville,-74.9707,1700152037000000873
.parking-position.longitude,parking,Shelter Island Heights,-72.3493,1700152037000000873
.parking-position.longitude,parking,Nassau Lake,-73.6059,1700152037000000873
.parking-position.longitude,parking,Copake Lake,-73.5903,1700152037000000873
.parking-position.longitude,parking,Lyndonville,-78.3891,1700152037000000873
.parking-position.longitude,parking,Wampsville,-75.7097,1700152037000000873
.parking-position.longitude,parking,Savona,-77.2238,1700152037000000873
.parking-position.longitude,parking,Hillside,-74.0337,1700152037000000873
.parking-position.longitude,parking,Glen Park,-75.9548,1700152037000000873
.parking-position.longitude,parking,La Fargeville,-75.9627,1700152037000000873
.parking-position.longitude,parking,Palatine Bridge,-74.5756,1700152037000000873
.parking-position.longitude,parking,Copenhagen,-75.6726,1700152037000000873
.parking-position.longitude,parking,Hopewell Junction,-73.8103,1700152037000000873
.parking-position.longitude,parking,Rushville,-77.2280,1700152037000000873
.parking-position.longitude,parking,Fonda,-74.3720,1700152037000000873
.parking-position.longitude,parking,Walworth,-77.2793,1700152037000000873
.parking-position.longitude,parking,Lacona,-76.0666,1700152037000000873
.parking-position.longitude,parking,Ruby,-74.0103,1700152037000000873
.parking-position.longitude,parking,Sylvan Beach,-75.7233,1700152037000000873
.parking-position.longitude,parking,Silver Springs,-78.0855,1700152037000000873
.parking-position.longitude,parking,Margaretville,-74.6503,1700152037000000873
.parking-position.longitude,parking,Chestertown,-73.7945,1700152037000000873
.parking-position.longitude,parking,Peconic,-72.4590,1700152037000000873
.parking-position.longitude,parking,Red Creek,-76.7225,1700152037000000873
.parking-position.longitude,parking,Plandome Manor,-73.6984,1700152037000000873
.parking-position.longitude,parking,Chaumont,-76.1302,1700152037000000873
.parking-position.longitude,parking,Freedom Plains,-73.7974,1700152037000000873
.parking-position.longitude,parking,Crystal Beach,-77.2582,1700152037000000873
.parking-position.longitude,parking,West Winfield,-75.1914,1700152037000000873
.parking-position.longitude,parking,Nelliston,-74.6099,1700152037000000873
.parking-position.longitude,parking,Scotts Corners,-73.5561,1700152037000000873
.parking-position.longitude,parking,North Creek,-73.9835,1700152037000000873
.parking-position.longitude,parking,Mongaup Valley,-74.7831,1700152037000000873
.parking-position.longitude,parking,Rapids,-78.6440,1700152037000000873
.parking-position.longitude,parking,Varna,-76.4383,1700152037000000873
.parking-position.longitude,parking,Zena,-74.0850,1700152037000000873
.parking-position.longitude,parking,Nelsonville,-73.9466,1700152037000000873
.parking-position.longitude,parking,Honeoye,-77.5125,1700152037000000873
.parking-position.longitude,parking,North Rose,-76.8863,1700152037000000873
.parking-position.longitude,parking,Oneida Castle,-75.6331,1700152037000000873
.parking-position.longitude,parking,Heuvelton,-75.4047,1700152037000000873
.parking-position.longitude,parking,New Hamburg,-73.9428,1700152037000000873
.parking-position.longitude,parking,East Randolph,-78.9520,1700152037000000873
.parking-position.longitude,parking,Pultneyville,-77.1814,1700152037000000873
.parking-position.longitude,parking,Port Leyden,-75.3412,1700152037000000873
.parking-position.longitude,parking,Hewlett Neck,-73.6981,1700152037000000873
.parking-position.longitude,parking,Stannards,-77.9123,1700152037000000873
.parking-position.longitude,parking,Lyons Falls,-75.3618,1700152037000000873
.parking-position.longitude,parking,Sinclairville,-79.2590,1700152037000000873
.parking-position.longitude,parking,Smallwood,-74.8159,1700152037000000873
.parking-position.longitude,parking,Hammondsport,-77.2234,1700152037000000873
.parking-position.longitude,parking,Sharon Springs,-74.6128,1700152037000000873
.parking-position.longitude,parking,Fultonville,-74.3704,1700152037000000873
.parking-position.longitude,parking,Paul Smiths,-74.2533,1700152037000000873
.parking-position.longitude,parking,South Cairo,-73.9558,1700152037000000873
.parking-position.longitude,parking,Old Forge,-74.9722,1700152037000000873
.parking-position.longitude,parking,Brasher Falls,-74.7789,1700152037000000873
.parking-position.longitude,parking,Rhinecliff,-73.9439,1700152037000000873
.parking-position.longitude,parking,Quogue,-72.5987,1700152037000000873
.parking-position.longitude,parking,Strykersville,-78.4440,1700152037000000873
.parking-position.longitude,parking,Brooktondale,-76.3986,1700152037000000873
.parking-position.longitude,parking,Asharoken,-73.3816,1700152037000000873
.parking-position.longitude,parking,West Valley,-78.6115,1700152037000000873
.parking-position.longitude,parking,Willsboro Point,-73.3807,1700152037000000873
.parking-position.longitude,parking,Interlaken,-76.7251,1700152037000000873
.parking-position.longitude,parking,Round Top,-74.0284,1700152037000000873
.parking-position.longitude,parking,East Frankfort,-75.0648,1700152037000000873
.parking-position.longitude,parking,Tannersville,-74.1350,1700152037000000873
.parking-position.longitude,parking,Schenevus,-74.8270,1700152037000000873
.parking-position.longitude,parking,Accord,-74.2319,1700152037000000873
.parking-position.longitude,parking,Staatsburg,-73.9233,1700152037000000873
.parking-position.longitude,parking,Richburg,-78.1565,1700152037000000873
.parking-position.longitude,parking,Hemlock,-77.6073,1700152037000000873
.parking-position.longitude,parking,East Avon,-77.7073,1700152037000000873
.parking-position.longitude,parking,New Baltimore,-73.7941,1700152037000000873
.parking-position.longitude,parking,Unionville,-74.5619,1700152037000000873
.parking-position.longitude,parking,Odessa,-76.7881,1700152037000000873
.parking-position.longitude,parking,Tuxedo Park,-74.2060,1700152037000000873
.parking-position.longitude,parking,South Dayton,-79.0510,1700152037000000873
.parking-position.longitude,parking,Star Lake,-75.0363,1700152037000000873
.parking-position.longitude,parking,Quiogue,-72.6280,1700152037000000873
.parking-position.longitude,parking,Fillmore,-78.1105,1700152037000000873
.parking-position.longitude,parking,Woodbourne,-74.5978,1700152037000000873
.parking-position.longitude,parking,Malverne Park Oaks,-73.6645,1700152037000000873
.parking-position.longitude,parking,Titusville,-73.8633,1700152037000000873
.parking-position.longitude,parking,Mariaville Lake,-74.1287,1700152037000000873
.parking-position.longitude,parking,Bloomingburg,-74.4436,1700152037000000873
.parking-position.longitude,parking,Cadyville,-73.6441,1700152037000000873
.parking-position.longitude,parking,Hartwick Seminary,-74.9602,1700152037000000873
.parking-position.longitude,parking,Central Bridge,-74.3452,1700152037000000873
.parking-position.longitude,parking,Saddle Rock Estates,-73.7414,1700152037000000873
.parking-position.longitude,parking,North Granville,-73.3581,1700152037000000873
.parking-position.longitude,parking,Coopers Plains,-77.1375,1700152037000000873
.parking-position.longitude,parking,Brushton,-74.5117,1700152037000000873
.parking-position.longitude,parking,Amagansett,-72.1329,1700152037000000873
.parking-position.longitude,parking,Rifton,-74.0380,1700152037000000873
.parking-position.longitude,parking,Hobart,-74.6691,1700152037000000873
.parking-position.longitude,parking,Cassadaga,-79.3181,1700152037000000873
.parking-position.longitude,parking,Pine Valley,-76.8470,1700152037000000873
.parking-position.longitude,parking,Roscoe,-74.9123,1700152037000000873
.parking-position.longitude,parking,Canaseraga,-77.7773,1700152037000000873
.parking-position.longitude,parking,Redwood,-75.8063,1700152037000000873
.parking-position.longitude,parking,Valley Falls,-73.5627,1700152037000000873
.parking-position.longitude,parking,Burdett,-76.8439,1700152037000000873
.parking-position.longitude,parking,Wassaic,-73.5593,1700152037000000873
.parking-position.longitude,parking,Shorehaven,-73.6631,1700152037000000873
.parking-position.longitude,parking,Limestone,-78.6331,1700152037000000873
.parking-position.longitude,parking,East Nassau,-73.5085,1700152037000000873
.parking-position.longitude,parking,Felts Mills,-75.7628,1700152037000000873
.parking-position.longitude,parking,Grahamsville,-74.5522,1700152037000000873
.parking-position.longitude,parking,Evans Mills,-75.8078,1700152037000000873
.parking-position.longitude,parking,Dalton,-77.9519,1700152037000000873
.parking-position.longitude,parking,Millport,-76.8363,1700152037000000873
.parking-position.longitude,parking,Cragsmoor,-74.3912,1700152037000000873
.parking-position.longitude,parking,Pamelia Center,-75.9033,1700152037000000873
.parking-position.longitude,parking,Farnham,-79.0809,1700152037000000873
.parking-position.longitude,parking,Jacksonville,-76.6167,1700152037000000873
.parking-position.longitude,parking,Cayuga,-76.7265,1700152037000000873
.parking-position.longitude,parking,North Lynbrook,-73.6736,1700152037000000873
.parking-position.longitude,parking,Freeville,-76.3457,1700152037000000873
.parking-position.longitude,parking,Sunset Bay,-79.1307,1700152037000000873
.parking-position.longitude,parking,East Kingston,-73.9704,1700152037000000873
.parking-position.longitude,parking,Munnsville,-75.5866,1700152037000000873
.parking-position.longitude,parking,Bolton Landing,-73.6529,1700152037000000873
.parking-position.longitude,parking,Pierrepont Manor,-76.0610,1700152037000000873
.parking-position.longitude,parking,Au Sable Forks,-73.6738,1700152037000000873
.parking-position.longitude,parking,High Falls,-74.1201,1700152037000000873
.parking-position.longitude,parking,Bliss,-78.2538,1700152037000000873
.parking-position.longitude,parking,Caroga Lake,-74.4810,1700152037000000873
.parking-position.longitude,parking,Panama,-79.4849,1700152037000000873
.parking-position.longitude,parking,Rensselaer Falls,-75.3190,1700152037000000873
.parking-position.longitude,parking,Downsville,-74.9966,1700152037000000873
.parking-position.longitude,parking,West Chazy,-73.5116,1700152037000000873
.parking-position.longitude,parking,Leeds,-73.8929,1700152037000000873
.parking-position.longitude,parking,Mannsville,-76.0649,1700152037000000873
.parking-position.longitude,parking,Springfield Center,-74.8721,1700152037000000873
.parking-position.longitude,parking,Wellsburg,-76.7298,1700152037000000873
.parking-position.longitude,parking,Preston-Potter Hollow,-74.2288,1700152037000000873
.parking-position.longitude,parking,Centre Island,-73.5211,1700152037000000873
.parking-position.longitude,parking,Castorland,-75.5164,1700152037000000873
.parking-position.longitude,parking,Mountain Dale,-74.5218,1700152037000000873
.parking-position.longitude,parking,Franklin,-75.1659,1700152037000000873
.parking-position.longitude,parking,Shoreham,-72.9071,1700152037000000873
.parking-position.longitude,parking,Stittville,-75.2890,1700152037000000873
.parking-position.longitude,parking,Groveland Station,-77.7666,1700152037000000873
.parking-position.longitude,parking,Jeffersonville,-74.9298,1700152037000000873
.parking-position.longitude,parking,Narrowsburg,-75.0563,1700152037000000873
.parking-position.longitude,parking,Plessis,-75.8574,1700152037000000873
.parking-position.longitude,parking,Prospect,-75.1513,1700152037000000873
.parking-position.longitude,parking,Fire Island,-73.0709,1700152037000000873
.parking-position.longitude,parking,Harbor Hills,-73.7492,1700152037000000873
.parking-position.longitude,parking,Wyoming,-78.0842,1700152037000000873
.parking-position.longitude,parking,Speculator,-74.3822,1700152037000000873
.parking-position.longitude,parking,Constableville,-75.4281,1700152037000000873
.parking-position.longitude,parking,New Suffolk,-72.4767,1700152037000000873
.parking-position.longitude,parking,Phoenicia,-74.3089,1700152037000000873
.parking-position.longitude,parking,St. Regis Falls,-74.5309,1700152037000000873
.parking-position.longitude,parking,Hewlett Bay Park,-73.6953,1700152037000000873
.parking-position.longitude,parking,Delanson,-74.1841,1700152037000000873
.parking-position.longitude,parking,Malden-on-Hudson,-73.9365,1700152037000000873
.parking-position.longitude,parking,Wainscott,-72.2508,1700152037000000873
.parking-position.longitude,parking,Portlandville,-74.9674,1700152037000000873
.parking-position.longitude,parking,Kauneonga Lake,-74.8347,1700152037000000873
.parking-position.longitude,parking,Greigsville,-77.9015,1700152037000000873
.parking-position.longitude,parking,Fly Creek,-74.9848,1700152037000000873
.parking-position.longitude,parking,Wurtsboro Hills,-74.5052,1700152037000000873
.parking-position.longitude,parking,Smithville Flats,-75.8105,1700152037000000873
.parking-position.longitude,parking,Holland Patent,-75.2567,1700152037000000873
.parking-position.longitude,parking,Fleischmanns,-74.5335,1700152037000000873
.parking-position.longitude,parking,Hall,-77.0680,1700152037000000873
.parking-position.longitude,parking,Gilbertsville,-75.3226,1700152037000000873
.parking-position.longitude,parking,Altmar,-76.0037,1700152037000000873
.parking-position.longitude,parking,Salisbury Mills,-74.1098,1700152037000000873
.parking-position.longitude,parking,Lyon Mountain,-73.8831,1700152037000000873
.parking-position.longitude,parking,Grand View-on-Hudson,-73.9208,1700152037000000873
.parking-position.longitude,parking,Deferiet,-75.6793,1700152037000000873
.parking-position.longitude,parking,Belleville,-76.1153,1700152037000000873
.parking-position.longitude,parking,Richville,-75.3924,1700152037000000873
.parking-position.longitude,parking,Meridian,-76.5382,1700152037000000873
.parking-position.longitude,parking,Cuylerville,-77.8737,1700152037000000873
.parking-position.longitude,parking,Pine Hill,-74.4666,1700152037000000873
.parking-position.longitude,parking,Hortonville,-75.0222,1700152037000000873
.parking-position.longitude,parking,Salisbury Center,-74.7828,1700152037000000873
.parking-position.longitude,parking,Piffard,-77.8584,1700152037000000873
.parking-position.longitude,parking,Davenport Center,-74.9088,1700152037000000873
.parking-position.longitude,parking,Clayville,-75.2489,1700152037000000873
.parking-position.longitude,parking,Sagaponack,-72.2726,1700152037000000873
.parking-position.longitude,parking,Kennedy,-79.0982,1700152037000000873
.parking-position.longitude,parking,Redford,-73.8114,1700152037000000873
.parking-position.longitude,parking,Glen Aubrey,-76.0003,1700152037000000873
.parking-position.longitude,parking,Cold Brook,-75.0387,1700152037000000873
.parking-position.longitude,parking,Swan Lake,-74.7829,1700152037000000873
.parking-position.longitude,parking,Livonia Center,-77.6421,1700152037000000873
.parking-position.longitude,parking,Eldred,-74.8788,1700152037000000873
.parking-position.longitude,parking,Bemus Point,-79.3896,1700152037000000873
.parking-position.longitude,parking,Cementon,-73.9193,1700152037000000873
.parking-position.longitude,parking,Lake Huntington,-74.9922,1700152037000000873
.parking-position.longitude,parking,Cove Neck,-73.5002,1700152037000000873
.parking-position.longitude,parking,East Worcester,-74.6743,1700152037000000873
.parking-position.longitude,parking,Natural Bridge,-75.4999,1700152037000000873
.parking-position.longitude,parking,McLean,-76.2942,1700152037000000873
.parking-position.longitude,parking,Captree,-73.2575,1700152037000000873
.parking-position.longitude,parking,Parc,-73.4530,1700152037000000873
.parking-position.longitude,parking,Bridgeville,-74.6268,1700152037000000873
.parking-position.longitude,parking,Depauville,-76.0452,1700152037000000873
.parking-position.longitude,parking,Unadilla Forks,-75.2308,1700152037000000873
.parking-position.longitude,parking,Bloomville,-74.8180,1700152037000000873
.parking-position.longitude,parking,West Danby,-76.5281,1700152037000000873
.parking-position.longitude,parking,Duane Lake,-74.1088,1700152037000000873
.parking-position.longitude,parking,South Lima,-77.6760,1700152037000000873
.parking-position.longitude,parking,Blodgett Mills,-76.1329,1700152037000000873
.parking-position.longitude,parking,Witherbee,-73.5339,1700152037000000873
.parking-position.longitude,parking,Gilgo,-73.3779,1700152037000000873
.parking-position.longitude,parking,North Bay,-75.7450,1700152037000000873
.parking-position.longitude,parking,Danby,-76.4817,1700152037000000873
.parking-position.longitude,parking,Kiamesha Lake,-74.6652,1700152037000000873
.parking-position.longitude,parking,Salt Point,-73.7900,1700152037000000873
.parking-position.longitude,parking,Barryville,-74.9174,1700152037000000873
.parking-position.longitude,parking,Three Mile Bay,-76.1976,1700152037000000873
.parking-position.longitude,parking,Pottersville,-73.8211,1700152037000000873
.parking-position.longitude,parking,Wadsworth,-77.8939,1700152037000000873
.parking-position.longitude,parking,Copake Falls,-73.5247,1700152037000000873
.parking-position.longitude,parking,South Ilion,-75.0509,1700152037000000873
.parking-position.longitude,parking,Slaterville Springs,-76.3452,1700152037000000873
.parking-position.longitude,parking,Ames,-74.6015,1700152037000000873
.parking-position.longitude,parking,Winthrop,-74.8016,1700152037000000873
.parking-position.longitude,parking,Westernville,-75.3819,1700152037000000873
.parking-position.longitude,parking,Mount Vision,-75.0518,1700152037000000873
.parking-position.longitude,parking,Thousand Island Park,-76.0254,1700152037000000873
.parking-position.longitude,parking,Wells Bridge,-75.2432,1700152037000000873
.parking-position.longitude,parking,Garrattsville,-75.1691,1700152037000000873
.parking-position.longitude,parking,Burlington Flats,-75.1843,1700152037000000873
.parking-position.longitude,parking,South Edmeston,-75.3113,1700152037000000873
.parking-position.longitude,parking,Scottsburg,-77.7123,1700152037000000873
.parking-position.longitude,parking,Herrings,-75.6526,1700152037000000873
.parking-position.longitude,parking,Cranberry Lake,-74.8426,1700152037000000873
.parking-position.longitude,parking,Hankins,-75.0804,1700152037000000873
.parking-position.longitude,parking,Napeague,-72.0665,1700152037000000873
.parking-position.longitude,parking,Oxbow,-75.6262,1700152037000000873
.parking-position.longitude,parking,Hunt,-77.9910,1700152037000000873
.parking-position.longitude,parking,Haines Falls,-74.1009,1700152037000000873
.parking-position.longitude,parking,White Lake,-75.1473,1700152037000000873
.parking-position.longitude,parking,Barrytown,-73.9259,1700152037000000873
.parking-position.longitude,parking,Jefferson,-74.6062,1700152037000000873
.parking-position.longitude,parking,Fowlerville,-77.8479,1700152037000000873
.parking-position.longitude,parking,Upper Red Hook,-73.8456,1700152037000000873
.parking-position.longitude,parking,Schuyler Lake,-75.0335,1700152037000000873
.parking-position.longitude,parking,Oak Beach,-73.2879,1700152037000000873
.parking-position.longitude,parking,Retsof,-77.8756,1700152037000000873
.parking-position.longitude,parking,Websters Crossing,-77.6367,1700152037000000873
.parking-position.longitude,parking,Fishers Landing,-76.0088,1700152037000000873
.parking-position.longitude,parking,Otter Lake,-75.1159,1700152037000000873
.parking-position.longitude,parking,Westford,-74.8005,1700152037000000873
.parking-position.longitude,parking,West Hampton Dunes,-72.7131,1700152037000000873
.parking-position.longitude,parking,White Lake,-74.8322,1700152037000000873
.parking-position.longitude,parking,Cumminsville,-77.7189,1700152037000000873
.parking-position.longitude,parking,Woodsville,-77.7338,1700152037000000873
.parking-position.longitude,parking,Fishers Island,-71.9892,1700152037000000873
.parking-position.longitude,parking,Linwood,-77.9476,1700152037000000873
.parking-position.longitude,parking,Kysorville,-77.7949,1700152037000000873
.parking-position.longitude,parking,West Kill,-74.3899,1700152037000000873
.parking-position.longitude,parking,Thendara,-74.9971,1700152037000000873
.parking-position.longitude,parking,Byersville,-77.7914,1700152037000000873
.parking-position.longitude,parking,Ocean Beach,-73.1565,1700152037000000873
.parking-position.longitude,parking,North Blenheim,-74.4525,1700152037000000873
.parking-position.longitude,parking,Saltaire,-73.1949,1700152037000000873
